{"__className":"WiziCore_FormFullResult","form":{"id_form":"20d1479c-feb1-43be-8ae3-1b848b5bc881","id_user":"7f616f73-e0af-49cb-9665-108158f87171","version":58,"name":"VertxAC","pages":null,"id_folder":null,"repeates":null,"queries":null,"theme":"2a2bcb5f-ed09-4d4f-a7f0-890b29384c30","actions":{"userCode":"  var eb = null;\r\n  var firstMessage = true;\r\n  var firstSubscribe = true;\r\n  \r\n  \/**\r\n   * Publish a message to a topic\r\n   *\/\r\n  function publish(address,  message) {\r\n    if (eb) {\r\n      var json = {text: message};\r\n      eb.publish(address, json);\r\n    }\r\n  }\r\n    \/**\r\n     * Subscribe to a topic\r\n     *\/\r\n  function subscribe(address) {\r\n    if (eb) {\r\n        eb.registerHandler(address, function(msg,replyTo) {\r\n            app.setValue('receivedTxtArea',app.getValue('receivedTxtArea') + (!firstMessage ? '' : '\\n') + msg.text);\r\n            firstMessage = false;\r\n        });\r\n        app.setValue('subscribedTxtArea',app.getValue('subscribedTxtArea') + (firstSubscribe ? '' : '\\n') + address);\r\n        firstSubscribe = false;\r\n    }\r\n  }\r\n    \/**\r\n     * Close connection\r\n     *\/\r\n  function closeConn() {\r\n    if (eb) {\r\n      eb.close();\r\n    }\r\n  }\r\n  \/** \r\n   * Open a connection\r\n   * Note it's using heroku\r\n   *\/\r\n  function openConn() {\r\n    if (!eb) {\r\n        eb = new vertx.EventBus(\"http:\/\/fast-mountain-7331.herokuapp.com\/eventbus\");\r\n        eb.onopen = function() {\r\n        app.setValue('connectStatus',\"Connected\");\r\n      };\r\n\r\n      eb.onclose = function() {\r\n        app.setValue('connectStatus',\"Not Connected\");\r\n        eb = null;\r\n      };\r\n    }\r\n  }\r\n\r\n","genCode":"","system":[{"objectid":"wz1nlatr6bin2p6efk5b4y6omyvgr0d66cn7","actionid":"click","handler":"handler_connectBtn_onClick","actions":{"alias":"widget_event_onclick","funcview":"onClick","action":"AC.Widgets.Base.onClick","params":"mouseev","group":"widget_event_mouse"},"editingType":"Javascript"},{"objectid":"woyh9w6ej72zyo4dhuoehiagzsivoj2zfo9n","actionid":"click","handler":"handler_actionBtn_onClick","actions":{"alias":"widget_event_onclick","funcview":"onClick","action":"AC.Widgets.Base.onClick","params":"mouseev","group":"widget_event_mouse"},"editingType":"Javascript"},{"objectid":"w4cyqoc8iuow4bsrciertgwrrpxtq5zjo0wz","actionid":"click","handler":"handler_sendBtn_onClick","actions":{"alias":"widget_event_onclick","funcview":"onClick","action":"AC.Widgets.Base.onClick","params":"mouseev","group":"widget_event_mouse"},"editingType":"Javascript"}],"userServerCode":null,"clientScripts":{"files":{"home":"\n\n\nfunction handler_connectBtn_onClick(mouseev){\n    try {\n\topenConn();\n    } catch (err) {\n        alert(err);\n    }\n}\n\nfunction handler_actionBtn_onClick(mouseev){\n\tsubscribe(app.getValue('topicTxt'));\n}\n\n\nfunction handler_sendBtn_onClick(mouseev){\n\tpublish(app.getValue('currentTopicTxt'),app.getValue('messageTxt'));\n}\n","vertxbus":"\/*\r\n * Copyright 2011-2012 the original author or authors.\r\n *\r\n * Licensed under the Apache License, Version 2.0 (the \"License\");\r\n * you may not use this file except in compliance with the License.\r\n * You may obtain a copy of the License at\r\n *\r\n *     http:\/\/www.apache.org\/licenses\/LICENSE-2.0\r\n *\r\n * Unless required by applicable law or agreed to in writing, software\r\n * distributed under the License is distributed on an \"AS IS\" BASIS,\r\n * WITHOUT WARRANTIES OR CONDITIONS OF ANY KIND, either express or implied.\r\n * See the License for the specific language governing permissions and\r\n * limitations under the License.\r\n *\/\r\n\r\nvar vertx = vertx || {};\r\n\r\nvertx.EventBus = function(url, options) {\r\n\r\n  var that = this;\r\n  var sockJSConn = new SockJS(url, options);\r\n  var handlerMap = {};\r\n  var replyHandlers = {};\r\n  var state = vertx.EventBus.CONNECTING;\r\n\r\n  that.onopen = null;\r\n  that.onclose = null;\r\n\r\n  that.send = function(address, message, replyHandler) {\r\n    sendOrPub(\"send\", address, message, replyHandler);\r\n  };\r\n\r\n  that.publish = function(address, message, replyHandler) {\r\n    sendOrPub(\"publish\", address, message, replyHandler);\r\n  };\r\n\r\n  that.registerHandler = function(address, handler) {\r\n    checkSpecified(\"address\", 'string', address);\r\n    checkSpecified(\"handler\", 'function', handler);\r\n    checkOpen();\r\n    var handlers = handlerMap[address];\r\n    if (!handlers) {\r\n      handlers = [handler];\r\n      handlerMap[address] = handlers;\r\n      \/\/ First handler for this address so we should register the connection\r\n      var msg = { type : \"register\",\r\n                  address: address };\r\n      sockJSConn.send(JSON.stringify(msg));\r\n    } else {\r\n      handlers[handlers.length] = handler;\r\n    }\r\n  };\r\n\r\n  that.unregisterHandler = function(address, handler) {\r\n    checkSpecified(\"address\", 'string', address);\r\n    checkSpecified(\"handler\", 'function', handler);\r\n    checkOpen();\r\n    var handlers = handlerMap[address];\r\n    if (handlers) {\r\n      var idx = handlers.indexOf(handler);\r\n      if (idx != -1) {\r\n        handlers.splice(idx, 1);\r\n      }\r\n      if (handlers.length == 0) {\r\n        \/\/ No more local handlers so we should unregister the connection\r\n\r\n        var msg = { type : \"unregister\",\r\n                    address: address};\r\n        sockJSConn.send(JSON.stringify(msg));\r\n        delete handlerMap[address];\r\n      }\r\n    }\r\n  };\r\n\r\n  that.close = function() {\r\n    checkOpen();\r\n    state = vertx.EventBus.CLOSING;\r\n    sockJSConn.close();\r\n  };\r\n\r\n  that.readyState = function() {\r\n    return state;\r\n  };\r\n\r\n  sockJSConn.onopen = function() {\r\n    state = vertx.EventBus.OPEN;\r\n    if (that.onopen) {\r\n      that.onopen();\r\n    }\r\n  };\r\n\r\n  sockJSConn.onclose = function() {\r\n    state = vertx.EventBus.CLOSED;\r\n    if (that.onclose) {\r\n      that.onclose();\r\n    }\r\n  };\r\n\r\n  sockJSConn.onmessage = function(e) {\r\n    var msg = e.data;\r\n    var json = JSON.parse(msg);\r\n    var body = json.body;\r\n    var replyAddress = json.replyAddress;\r\n    var address = json.address;\r\n    var replyHandler;\r\n    if (replyAddress) {\r\n      replyHandler = function(reply, replyHandler) {\r\n        \/\/ Send back reply\r\n        that.send(replyAddress, reply, replyHandler);\r\n      };\r\n    }\r\n    var handlers = handlerMap[address];\r\n    if (handlers) {\r\n      \/\/ We make a copy since the handler might get unregistered from within the\r\n      \/\/ handler itself, which would screw up our iteration\r\n      var copy = handlers.slice(0);\r\n      for (var i  = 0; i < copy.length; i++) {\r\n        copy[i](body, replyHandler);\r\n      }\r\n    } else {\r\n      \/\/ Might be a reply message\r\n      var handler = replyHandlers[address];\r\n      if (handler) {\r\n        delete replyHandlers[replyAddress];\r\n        handler(body, replyHandler);\r\n      }\r\n    }\r\n  };\r\n\r\n  function sendOrPub(_sendOrPub, address, message, replyHandler) {\r\n    checkSpecified(\"address\", 'string', address);\r\n    checkSpecified(\"message\", 'object', message);\r\n    checkSpecified(\"replyHandler\", 'function', replyHandler, true);\r\n    checkOpen();\r\n    var envelope = { type : _sendOrPub,\r\n                     address: address,\r\n                     body: message };\r\n    if (replyHandler) {\r\n      var replyAddress = getUUID();\r\n      envelope.replyAddress = replyAddress;\r\n      replyHandlers[replyAddress] = replyHandler;\r\n    }\r\n    var str = JSON.stringify(envelope);\r\n    sockJSConn.send(str);\r\n  }\r\n\r\n  function checkOpen() {\r\n    if (state != vertx.EventBus.OPEN) {\r\n      throw new Error('INVALID_STATE_ERR');\r\n    }\r\n  }\r\n\r\n  function checkSpecified(paramName, paramType, param, optional) {\r\n    if (!optional && !param) {\r\n      throw new Error(\"Parameter \" + paramName + \" must be specified\");\r\n    }\r\n    if (param && typeof param != paramType) {\r\n      throw new Error(\"Parameter \" + paramName + \" must be of type \" + paramType);\r\n    }\r\n  }\r\n\r\n  function isFunction(obj) {\r\n    return !!(obj && obj.constructor && obj.call && obj.apply);\r\n  }\r\n\r\n};\r\n\r\nvertx.EventBus.CONNECTING = 0;\r\nvertx.EventBus.OPEN = 1;\r\nvertx.EventBus.CLOSING = 2;\r\nvertx.EventBus.CLOSED = 3;","uuid":"\/\/http:\/\/gotochriswest.com\/blog\/2012\/03\/26\/javascript-guid-uuid-generator\/\n(function() {\n  \/\/ The object literal used to keep track of all of the generated\n  \/\/ IDs.\n  var used = {};\n\n  \/\/ The globally visible function which is used to generate\n  \/\/ UUID that are unique for the remainder of the page session.\n  getUUID = function(id) {\n    for(;used[id = randomHex(8) + \"-\" + randomHex(4) + \"-\"\n              + randomHex(4) + \"-\" + randomHex(4) + randomHex(8)];){}\n    used[id] = 1;\n    return id;\n  };\n\n  \/\/ Used to generate a hex number which is padded by zeros to\n  \/\/ display the specified amount of digits.  The param passed\n  \/\/ probably shouldn't be more than 8.\n  function randomHex(len) {\n    return (new Array(len).join(0)\n            + parseInt(Math.pow(2, len * 4) * Math.random()\n                      ).toString(16)).slice(-len);\n  }\n})();\n"},"folders":[]},"serverScripts":null},"pageTarget":null,"redirectUrl":null,"defaultPage":"0","backgroundImage":null,"backgroundColor":null,"backgroundRformMepeat":null,"facebookName":null,"hasStorage":"None","instanceTitleTemplate":"","dataSchema":[],"applicationRelationships":null,"integrityHandling":"message","uniquenessMessage":"","mandatoryMessage":"","views":[],"loginFormId":null,"renderCharts":null,"highlightOpacity":20,"highlightColor":null,"validateMessage":null,"liveName":null,"workflow":null,"shortUrl":"http:\/\/acft.ws\/kwax","gaAccountId":"","gmapsApiKey":"","orientation":"any","fullScreen":false,"filesList":[["http:\/\/cdn.sockjs.org\/sockjs-0.2.1.min.js"]],"mobileSplash":{"mobile":"Default","desktop":"Default"},"desktopSplash":"Default","twirlyThingOptions":null,"linkedExportApp":null,"displayHourglassOver":"widget","advertising":null,"badKeywords":false,"roles":[],"layout":"vertical","userAccess":[{"id_subject":"00000000-0000-0000-0000-000000000000","subject_type":"u","type":"createInstances","value":"a","id_object":"20d1479c-feb1-43be-8ae3-1b848b5bc881"},{"id_subject":"00000000-0000-0000-0000-000000000000","subject_type":"u","type":"use","value":"a","id_object":"20d1479c-feb1-43be-8ae3-1b848b5bc881"}],"children":[{"id":"wmb4inoezwz5q-l34fj09gxph5a9aj9dbusp","name":"home","width":633,"height":400,"bgColor":null,"shadow":null,"font":null,"centered":false,"widgetStyle":"default","snapToGrid":false,"gridSize":[5,5],"customCssClasses":"","widgetClass":"WiziCore_Api_Page","displayHourglassOver":"inherit","fullScreenHeight":false,"transitionMode":"auto","autoPageJump":"","autoJumpTime":0,"gaTrackCode":"","children":[{"label":"Not Connected","width":129,"height":22,"x":427,"y":4,"zindex":2,"pWidth":"","margin":"","anchors":{"left":true,"top":true,"bottom":false,"right":false},"visible":true,"widgetStyle":"default","opacity":1,"name":"connectStatus","alignInContainer":"left","textAlign":"Left","action":"none","hourglassImage":"Default","displayHourglassOver":"inherit","customCssClasses":"","relationId":null,"addLink":"Add","dragAndDrop":false,"resizing":false,"target":"Same","textShadow":"","widgetClass":"WiziCore_UI_LabelWidget","id":"wmgbqdn-45rts7ij8uk5uktq1s4xd-q99tsn","repeat":false},{"x":353,"y":27,"width":114,"height":26,"zindex":4,"label":"Connect","enable":true,"anchors":{"left":true,"top":true,"bottom":false,"right":false},"name":"connectBtn","visible":true,"widgetStyle":"default","opacity":1,"pWidth":"","margin":"","alignInContainer":"left","tabStop":true,"hourglassImage":"Default","dragAndDrop":false,"resizing":false,"shadow":"","displayHourglassOver":"inherit","customCssClasses":"","isField":false,"tabindex":1,"widgetClass":"WiziCore_UI_NextButtonWidget","id":"wz1nlatr6bin2p6efk5b4y6omyvgr0d66cn7","repeat":false},{"valName":"currText","text":"","x":356,"y":100,"pWidth":"","margin":"","alignInContainer":"left","width":"200","height":"22","zindex":6,"readonly":false,"enable":true,"hourglassImage":"Default","displayHourglassOver":"inherit","customCssClasses":"","anchors":{"left":true,"top":true,"bottom":false,"right":false},"visible":true,"name":"topicTxt","widgetStyle":"default","opacity":1,"textAlign":"Left","dragAndDrop":false,"resizing":false,"shadow":"","placeholderText":"","tabStop":true,"tabindex":2,"widgetClass":"WiziCore_UI_TextWidget","id":"wi9ayv2hhecuuwk9cv3xa5m67fy511d8gj7g","repeat":false},{"label":"Topic","width":160,"height":18,"x":355,"y":82,"zindex":8,"pWidth":"","margin":"","anchors":{"left":true,"top":true,"bottom":false,"right":false},"visible":true,"widgetStyle":"default","opacity":1,"name":"label","alignInContainer":"left","textAlign":"Left","action":"none","hourglassImage":"Default","displayHourglassOver":"inherit","customCssClasses":"","relationId":null,"addLink":"Add","dragAndDrop":false,"resizing":false,"target":"Same","textShadow":"","widgetClass":"WiziCore_UI_LabelWidget","id":"wxqfdr8l59e5ux5rkxy93vbt1u9vzsoruly4","repeat":false},{"x":355,"y":146,"width":130,"height":24,"zindex":10,"label":"Subscribe","enable":true,"anchors":{"left":true,"top":true,"bottom":false,"right":false},"name":"actionBtn","visible":true,"widgetStyle":"default","opacity":1,"pWidth":"","margin":"","alignInContainer":"left","tabStop":true,"hourglassImage":"Default","dragAndDrop":false,"resizing":false,"shadow":"","displayHourglassOver":"inherit","customCssClasses":"","isField":false,"tabindex":3,"widgetClass":"WiziCore_UI_NextButtonWidget","id":"woyh9w6ej72zyo4dhuoehiagzsivoj2zfo9n","repeat":false},{"label":"Status:","width":70,"height":22,"x":355,"y":4,"zindex":14,"pWidth":"","margin":"","anchors":{"left":true,"top":true,"bottom":false,"right":false},"visible":true,"widgetStyle":"default","opacity":1,"name":"label1","alignInContainer":"left","textAlign":"Left","action":"none","hourglassImage":"Default","displayHourglassOver":"inherit","customCssClasses":"","relationId":null,"addLink":"Add","dragAndDrop":false,"resizing":false,"target":"Same","textShadow":"","widgetClass":"WiziCore_UI_LabelWidget","id":"welsjod39p3-n9tunsz4r4brhhbi6fj6qa8i","repeat":false,"maxHeight":"","minWidth":"","maxWidth":""},{"valName":"currText","text":"","x":352,"y":209,"width":243,"height":129,"zindex":16,"label":"Label","labelDisabled":false,"readonly":true,"enable":false,"anchors":{"left":true,"top":true,"bottom":false,"right":false},"visible":true,"widgetStyle":"default","name":"subscribedTxtArea","customCssClasses":"","displayHourglassOver":"inherit","dragAndDrop":false,"resizing":false,"pWidth":"","margin":"","alignInContainer":"left","mobileTheme":"c","placeholderText":"","tabindex":4,"widgetClass":"WiziCore_UI_TextAreaMobileWidget","id":"wgrkqcox3dx-k-oy70mt-vz55-dczwx79w0n","repeat":false},{"label":"Subscribed:","width":114,"height":18,"x":355,"y":184,"zindex":18,"pWidth":"","margin":"","anchors":{"left":true,"top":true,"bottom":false,"right":false},"visible":true,"widgetStyle":"default","opacity":1,"name":"label2","alignInContainer":"left","textAlign":"Left","action":"none","hourglassImage":"Default","displayHourglassOver":"inherit","customCssClasses":"","relationId":null,"addLink":"Add","dragAndDrop":false,"resizing":false,"target":"Same","textShadow":"","widgetClass":"WiziCore_UI_LabelWidget","id":"wnaqaupcq-pub23s12imfvk8l3z221fbwv22","repeat":false},{"valName":"currText","text":"","x":29,"y":208,"width":280,"height":132,"zindex":20,"label":"Label","labelDisabled":false,"readonly":false,"enable":true,"anchors":{"left":true,"top":true,"bottom":false,"right":false},"visible":true,"widgetStyle":"default","name":"receivedTxtArea","customCssClasses":"","displayHourglassOver":"inherit","dragAndDrop":false,"resizing":false,"pWidth":"","margin":"","alignInContainer":"left","mobileTheme":"c","placeholderText":"","tabindex":5,"widgetClass":"WiziCore_UI_TextAreaMobileWidget","id":"wtrnyyt8tiwklorocov0fqpj1rd0qg-t08g-","repeat":false},{"label":"Received","width":70,"height":15,"x":28,"y":187,"zindex":22,"pWidth":"","margin":"","anchors":{"left":true,"top":true,"bottom":false,"right":false},"visible":true,"widgetStyle":"default","opacity":1,"name":"label3","alignInContainer":"left","textAlign":"Left","action":"none","hourglassImage":"Default","displayHourglassOver":"inherit","customCssClasses":"","relationId":null,"addLink":"Add","dragAndDrop":false,"resizing":false,"target":"Same","textShadow":"","widgetClass":"WiziCore_UI_LabelWidget","id":"wta2y2ivjqg68m8yybofavg99-0k38awk0vj","repeat":false},{"valName":"currText","text":"","x":27,"y":29,"pWidth":"","margin":"","alignInContainer":"left","width":"200","height":"22","zindex":26,"readonly":false,"enable":true,"hourglassImage":"Default","displayHourglassOver":"inherit","customCssClasses":"","anchors":{"left":true,"top":true,"bottom":false,"right":false},"visible":true,"name":"currentTopicTxt","widgetStyle":"default","opacity":1,"textAlign":"Left","dragAndDrop":false,"resizing":false,"shadow":"","placeholderText":"","tabStop":true,"tabindex":6,"widgetClass":"WiziCore_UI_TextWidget","id":"wanu-kqavj0j2u8h1zj5e5ns2a4rkfwjquxx","repeat":false},{"label":"Topic","width":155,"height":22,"x":28,"y":3,"zindex":28,"pWidth":"","margin":"","anchors":{"left":true,"top":true,"bottom":false,"right":false},"visible":true,"widgetStyle":"default","opacity":1,"name":"label4","alignInContainer":"left","textAlign":"Left","action":"none","hourglassImage":"Default","displayHourglassOver":"inherit","customCssClasses":"","relationId":null,"addLink":"Add","dragAndDrop":false,"resizing":false,"target":"Same","textShadow":"","widgetClass":"WiziCore_UI_LabelWidget","id":"weeu-e377lx5en8d9xti54b0si0ade9jo51q","repeat":false,"maxHeight":"","minWidth":"","maxWidth":""},{"valName":"currText","text":"","x":27,"y":100,"pWidth":"","margin":"","alignInContainer":"left","width":"200","height":"22","zindex":30,"readonly":false,"enable":true,"hourglassImage":"Default","displayHourglassOver":"inherit","customCssClasses":"","anchors":{"left":true,"top":true,"bottom":false,"right":false},"visible":true,"name":"messageTxt","widgetStyle":"default","opacity":1,"textAlign":"Left","dragAndDrop":false,"resizing":false,"shadow":"","placeholderText":"","tabStop":true,"tabindex":7,"widgetClass":"WiziCore_UI_TextWidget","id":"w1jmzvwi7i55x-bgnbyeci2fxtgorcun3tfv","repeat":false},{"label":"Message","width":155,"height":22,"x":28,"y":74,"zindex":32,"pWidth":"","margin":"","anchors":{"left":true,"top":true,"bottom":false,"right":false},"visible":true,"widgetStyle":"default","opacity":1,"name":"label5","alignInContainer":"left","textAlign":"Left","action":"none","hourglassImage":"Default","displayHourglassOver":"inherit","customCssClasses":"","relationId":null,"addLink":"Add","dragAndDrop":false,"resizing":false,"target":"Same","textShadow":"","widgetClass":"WiziCore_UI_LabelWidget","id":"wbyzmhzcnboj-z7de9dveh4wfoms8nc4tppv","repeat":false,"maxHeight":"","minWidth":"","maxWidth":""},{"x":28,"y":144,"width":"80","height":"26","zindex":34,"label":"Send","enable":true,"anchors":{"left":true,"top":true,"bottom":false,"right":false},"name":"sendBtn","visible":true,"widgetStyle":"default","opacity":1,"pWidth":"","margin":"","alignInContainer":"left","tabStop":true,"hourglassImage":"Default","dragAndDrop":false,"resizing":false,"shadow":"","displayHourglassOver":"inherit","customCssClasses":"","isField":false,"tabindex":8,"widgetClass":"WiziCore_UI_NextButtonWidget","id":"w4cyqoc8iuow4bsrciertgwrrpxtq5zjo0wz","repeat":false},{"width":1,"height":331,"x":332,"y":11,"zindex":36,"enable":true,"anchors":{"left":true,"top":true,"bottom":false,"right":false},"visible":true,"dragAndDrop":false,"resizing":false,"shadow":"","displayHourglassOver":"inherit","customCssClasses":"","widgetStyle":"default","opacity":1,"name":"shape","pWidth":"","margin":"","alignInContainer":"left","hourglassImage":"Default","widgetClass":"WiziCore_UI_ShapeWidget","id":"wmxwmxrt8589ykb24d7w238mtzca03nwovqc","repeat":false,"minWidth":"","maxWidth":""},{"width":279,"height":1,"x":333,"y":63,"zindex":38,"enable":true,"anchors":{"left":true,"top":true,"bottom":false,"right":false},"visible":true,"dragAndDrop":false,"resizing":false,"shadow":"","displayHourglassOver":"inherit","customCssClasses":"","widgetStyle":"default","opacity":1,"name":"shape1","pWidth":"","margin":"","alignInContainer":"left","hourglassImage":"Default","widgetClass":"WiziCore_UI_ShapeWidget","id":"wkht7q0xjyn298nyd3p581w7x0fbxtoe8x3m","repeat":false,"minWidth":"","maxWidth":""}]}],"stringTable":null,"languages":null,"language":null},"theme":{"__className":"WiziApp_Theme","id_theme":"2a2bcb5f-ed09-4d4f-a7f0-890b29384c30","name":"Mobile","id_user":"7f616f73-e0af-49cb-9665-108158f87171","url":"\/2a2bcb5f-ed09-4d4f-a7f0-890b29384c300"},"themeContent":{"WiziCore_UI_SliderVWidget":{"87":{"bgColor":"#943994","borderColor":"#000000","hoverColor":"","defaultColor":"#d653d6"},"default":{"bgColor":"#8c8c8c","borderColor":"#000000","hoverColor":"","defaultColor":"#bfbfbf"}},"WiziCore_UI_LabelWidget":{"Bold Body":{"background_color":"","fontColor":"","font":"bold 15px Arial"},"default":{"background_color":"","fontColor":"","font":""},"Sub Title":{"pWidth":"","opacity":1,"hrefColor":"","paragraphSpacing":"","font":"normal 18px Arial","fontColor":"#000000","margin":"6px 0px 0px 20px","bgColor":"","lineHeight":"","hourglassImage":"Default","letterSpacing":""},"Title":{"pWidth":"","opacity":"","hrefColor":"","paragraphSpacing":"","font":"normal 32px Arial","fontColor":"#ffffff","margin":"","bgColor":"","lineHeight":"","hourglassImage":"","letterSpacing":""}},"WiziCore_UI_SubmitButtonMobileWidget":{"default":{"pWidth":"","opacity":"","margin":"","mobileTheme":"a","icon":"home","iconPosition":"left"}},"WiziCore_UI_TextAreaMobileWidget":{"default":{"pWidth":"","minWidth":"","maxWidth":"","opacity":"","font":"normal 12px verdana","margin":"","mobileTheme":"c"}},"WiziCore_UI_CollapsibleMobileWidget":{"default":{"pWidth":"","opacity":1,"margin":"","mobileTheme":"a","hourglassImage":"Default"}},"_form":{"default":[]},"WiziCore_UI_fGaugeLinearWidget":{"default":{"setAdaptiveMin":"","upperLimit":"","lowerLimit":"","upperLimitDisplay":"","lowerLimitDisplay":"","showTickMarks":true,"showTickValues":true,"showLimits":true,"adjustTM":"","ticksBelowGauge":"","placeTicksInside":"","placeValuesInside":"","majorTMNumber":"","majorTMColor":"","majorTMAlpha":"","majorTMHeight":"","majorTMThickness":"","minorTMNumber":"","minorTMColor":"","minorTMAlpha":"","minorTMHeight":"","minorTMThickness":"","tickMarkDistance":"","tickValueDistance":"","trendValueDistance":"","tickValueStep":"","tickValueDecimals":"","forceTickValueDecimals":"","numberPrefix":"","numberSuffix":"","bgColor":"","bgAlpha":"","bgTransparent":true,"bgImage":"","showLegend":true,"legendBgColor":"","legendBgAlpha":"","legendBorderThickness":"","showBorder":"","borderColor":"","borderThickness":"","borderAlpha":"","palette":"","useRoundEdges":"","chartTopMargin":"","chartBottomMargin":"","chartLeftMargin":"","chartRightMargin":"","valuePadding":"","numberScaleValue":"","numberScaleUnit":"","enableSmartLabels":"","rotateValues":"","showCanvasBg":"","canvasBorderColor":"","canvasBorderThickness":"","canvasBorderAlpha":"","canvasBgColor":"","canvasBgAlpha":"","canvasBgRatio":"","canvasBgAngle":"","canvasPadding":"","plotGradientColor":"","showPlotBorder":"","rangeValues":{"rows":[{"id":1,"data":["1",null,20],"ind":1},{"id":2,"data":["2",null,40],"ind":2},{"id":3,"data":["3",null,60],"ind":3}]}}},"WiziCore_UI_TableLayoutWidget":{"default":{"pWidth":"","opacity":1,"margin":"","border":"none","borderRadius":"0","bgColor":"transparent","backgroundImage":"","backgroundRepeat":"","hourglassImage":"Default"}},"MobiscrollList":{"default":{"pWidth":"","minWidth":"","maxWidth":"","opacity":1,"margin":"","mobileTheme":"c","customCssClasses":""}},"WiziCore_UI_ListMobileWidget":{"default":{"pWidth":90,"opacity":1,"imageAsThumbnail":"","useImage":"","useCount":"","inset":true,"htmlLabel":true,"useFilter":"","numbered":"","readOnlyList":true,"useAside":"","margin":"6px 0px 0px 0px","mobileTheme":"d","dividerTheme":"b","countTheme":"c"}},"WiziCore_UI_fGaugePyramidWidget":{"default":{"setAdaptiveMin":"","upperLimit":"","lowerLimit":"","upperLimitDisplay":"","lowerLimitDisplay":"","showTickMarks":"","showTickValues":"","showLimits":"","adjustTM":"","ticksBelowGauge":"","placeTicksInside":"","placeValuesInside":"","majorTMNumber":"","majorTMColor":"","majorTMAlpha":"","majorTMHeight":"","majorTMThickness":"","minorTMNumber":"","minorTMColor":"","minorTMAlpha":"","minorTMHeight":"","minorTMThickness":"","tickMarkDistance":"","tickValueDistance":"","trendValueDistance":"","tickValueStep":"","tickValueDecimals":"","forceTickValueDecimals":"","numberPrefix":"","numberSuffix":"","bgColor":"","bgAlpha":"","bgTransparent":true,"bgImage":"","showLegend":"","legendBgColor":"","legendBgAlpha":"","legendBorderThickness":"","showBorder":"","borderColor":"","borderThickness":"","borderAlpha":"","palette":"","useRoundEdges":"","chartTopMargin":"","chartBottomMargin":"","chartLeftMargin":"","chartRightMargin":"","valuePadding":"","numberScaleValue":"","numberScaleUnit":"","enableSmartLabels":true,"rotateValues":"","showCanvasBg":"","canvasBorderColor":"","canvasBorderThickness":"","canvasBorderAlpha":"","canvasBgColor":"","canvasBgAlpha":"","canvasBgRatio":"","canvasBgAngle":"","canvasPadding":"","plotGradientColor":"","showPlotBorder":"","rangeValues":""}},"WiziCore_UI_fGaugeAngularWidget":{"default":{"setAdaptiveMin":"","upperLimit":"","lowerLimit":"","upperLimitDisplay":"","lowerLimitDisplay":"","showTickMarks":true,"showTickValues":true,"showLimits":true,"adjustTM":true,"ticksBelowGauge":"","placeTicksInside":"","placeValuesInside":"","majorTMNumber":"5","majorTMColor":"","majorTMAlpha":"","majorTMHeight":"","majorTMThickness":"","minorTMNumber":"","minorTMColor":"","minorTMAlpha":"","minorTMHeight":"","minorTMThickness":"","tickMarkDistance":"","tickValueDistance":"","trendValueDistance":"","tickValueStep":"","tickValueDecimals":"","forceTickValueDecimals":"","numberPrefix":"","numberSuffix":"","bgColor":"","bgAlpha":50,"bgTransparent":true,"bgImage":"","showLegend":true,"legendBgColor":"","legendBgAlpha":"","legendBorderThickness":"","showBorder":"","borderColor":"","borderThickness":"","borderAlpha":"","palette":"","useRoundEdges":"","chartTopMargin":"","chartBottomMargin":"","chartLeftMargin":"","chartRightMargin":"","valuePadding":"","numberScaleValue":"","numberScaleUnit":"","enableSmartLabels":"","rotateValues":"","showCanvasBg":"","canvasBorderColor":"","canvasBorderThickness":"","canvasBorderAlpha":"","canvasBgColor":"","canvasBgAlpha":"","canvasBgRatio":"","canvasBgAngle":"","canvasPadding":"","plotGradientColor":"","showPlotBorder":"","rangeValues":{"rows":[{"id":1,"data":["1",null,20],"ind":1},{"id":2,"data":["2",null,40],"ind":2}]}},"fgfg":{"setAdaptiveMin":"","upperLimit":"","lowerLimit":"","upperLimitDisplay":"","lowerLimitDisplay":"","showTickMarks":true,"showTickValues":true,"showLimits":true,"adjustTM":true,"ticksBelowGauge":"","placeTicksInside":"","placeValuesInside":"","majorTMNumber":"5","majorTMColor":"","majorTMAlpha":"","majorTMHeight":"","majorTMThickness":"","minorTMNumber":"","minorTMColor":"","minorTMAlpha":"","minorTMHeight":"","minorTMThickness":"","tickMarkDistance":"","tickValueDistance":"","trendValueDistance":"","tickValueStep":"","tickValueDecimals":"","forceTickValueDecimals":"","numberPrefix":"","numberSuffix":"","bgColor":"","bgAlpha":50,"bgTransparent":true,"bgImage":"","showLegend":true,"legendBgColor":"","legendBgAlpha":"","legendBorderThickness":"","showBorder":"","borderColor":"","borderThickness":"","borderAlpha":"","palette":"","useRoundEdges":"","chartTopMargin":"","chartBottomMargin":"","chartLeftMargin":"","chartRightMargin":"","valuePadding":"","numberScaleValue":"","numberScaleUnit":"","enableSmartLabels":"","rotateValues":"","showCanvasBg":"","canvasBorderColor":"","canvasBorderThickness":"","canvasBorderAlpha":"","canvasBgColor":"","canvasBgAlpha":"","canvasBgRatio":"","canvasBgAngle":"","canvasPadding":"","plotGradientColor":"","showPlotBorder":"","rangeValues":{"rows":[{"id":1,"data":["1",null,20],"ind":1},{"id":2,"data":["2",null,40],"ind":2}]}}},"WiziCore_UI_LabelMobileWidget":{"default":{"pWidth":"","minWidth":"","maxWidth":"","maxHeight":"","opacity":1,"paragraphSpacing":"","margin":"","mobileTheme":"c","customCssClasses":"","displayHourglassOver":"inherit","hourglassImage":"Default"}},"RepeatContainer":{"default":{"pWidth":"","minWidth":"","maxWidth":"","border":"1px solid gray","borderRadius":"","margin":"","bgColor":"","blockBgColor":"","blockAlternativeBgColor":"","blockBorder":"","blockAlternativeBorder":"","blockBorderRadius":"","blockAlternativeBorderRadius":"","separatingLineWidth":"","separatingLineColor":"#000000","backgroundImage":"","backgroundRepeat":"","opacity":1,"displayHourglassOver":"inherit","hourglassImage":"Default","customCssClasses":""}},"WiziCore_UI_CheckBoxMobileWidget":{"default":{"pWidth":"","minWidth":"","maxWidth":"","opacity":1,"margin":"","mobileTheme":"c","displayHourglassOver":"inherit","customCssClasses":""}},"WiziCore_UI_CheckBoxGroupMobileWidget":{"default":{"pWidth":"","opacity":1,"margin":"","mobileTheme":"c"}},"WiziCore_UI_SignInButtonWidget":{"default":{"pWidth":"","minWidth":"","maxWidth":"","opacity":1,"font":"normal 12px verdana","fontColor":"black","margin":"","border":"1px solid gray","borderRadius":"0","bgColor":"#f7f7f7","hourglassImage":"Default"}},"WiziCore_UI_TextAreaWidget":{"default":{"background_color":"#f7f7f7","fontColor":"","font":"","border":"1px solid #bfbfbf"}},"WiziCore_UI_AuthButtonMobileWidget":{"default":{"pWidth":"","minWidth":"","maxWidth":"","opacity":"","margin":"","mobileTheme":"c","icon":"none","iconPosition":"left"}},"WiziCore_UI_ColorPickerWidget":{"default":{"pWidth":"","minWidth":"","maxWidth":"","opacity":1,"margin":"","border":"","borderRadius":"","hourglassImage":"Default"}},"DatePicker":{"default":{"pWidth":"","minWidth":"","maxWidth":"","opacity":1,"font":"normal 12px verdana","fontColor":"black","margin":"","border":"1px solid gray","bgColor":"#f7f7f7","hourglassImage":"Default"}},"WiziCore_UI_NumericWidget":{"default":{"pWidth":"","minWidth":"","maxWidth":"","opacity":1,"font":"normal 12px verdana","fontColor":"#000000","margin":"","border":"1px solid gray","borderRadius":"0","bgColor":"#f7f7f7","hourglassImage":"Default"}},"WiziCore_UI_PopupListboxMobileWidget":{"default":{"pWidth":"","minWidth":"","maxWidth":"","opacity":"","margin":"","mobileTheme":"c"}},"SearchMobile":{"default":{"pWidth":"","minWidth":"","maxWidth":"","opacity":1,"margin":"","mobileTheme":"c"}},"WiziCore_UI_fGaugeCylinderWidget":{"default":{"setAdaptiveMin":"","upperLimit":"","lowerLimit":"","upperLimitDisplay":"","lowerLimitDisplay":"","showTickMarks":"","showTickValues":true,"showLimits":"","adjustTM":"","ticksBelowGauge":"","placeTicksInside":"","placeValuesInside":"","majorTMNumber":"","majorTMColor":"","majorTMAlpha":"","majorTMHeight":"","majorTMThickness":"","minorTMNumber":"","minorTMColor":"","minorTMAlpha":"","minorTMHeight":"","minorTMThickness":"","tickMarkDistance":"","tickValueDistance":"","trendValueDistance":"","tickValueStep":"","tickValueDecimals":"","forceTickValueDecimals":"","numberPrefix":"","numberSuffix":"","bgColor":"","bgAlpha":"","bgTransparent":true,"bgImage":"","showLegend":true,"legendBgColor":"","legendBgAlpha":"","legendBorderThickness":"","showBorder":"","borderColor":"","borderThickness":"","borderAlpha":"","palette":"","useRoundEdges":"","chartTopMargin":"","chartBottomMargin":"","chartLeftMargin":"","chartRightMargin":"","valuePadding":"","numberScaleValue":"","numberScaleUnit":"","enableSmartLabels":"","rotateValues":"","showCanvasBg":"","canvasBorderColor":"","canvasBorderThickness":"","canvasBorderAlpha":"","canvasBgColor":"","canvasBgAlpha":"","canvasBgRatio":"","canvasBgAngle":"","canvasPadding":"","plotGradientColor":"","showPlotBorder":"","rangeValues":{"rows":[{"id":1,"data":["1",null,1000],"ind":1},{"id":2,"data":["2",null,2000],"ind":2},{"id":3,"data":["3",null,3000],"ind":3}]}}},"WiziCore_UI_SliderMobileWidget":{"default":{"pWidth":"","minWidth":"","maxWidth":"","opacity":1,"margin":"","mobileTheme":"c"}},"WiziCore_UI_TabWidget":{"default":{"pWidth":"","minWidth":"","maxWidth":"","opacity":1,"font":"","border":"","borderRadius":"0","margin":"","bgColor":"","menuFontColor":"","menuBGColor":"","tabBGColors":{"useColors":true,"colors":["#dddddd","#eeeeee"]},"hourglassImage":"Default"}},"WiziCore_UI_PageButtonWidget":{"default":{"pWidth":"","minWidth":"","maxWidth":"","opacity":1,"font":"normal 12px verdana","fontColor":"black","margin":"","border":"1px solid gray","borderRadius":"0","bgColor":"#f7f7f7","hourglassImage":"Default"}},"WiziCore_UI_IFrameWidget":{"default":{"pWidth":"","minWidth":"","maxWidth":"","opacity":1,"margin":"","border":"","bgColor":"","hourglassImage":"Default"}},"WiziCore_Api_Page":{"default":{"width":"","height":"","layout":"","pWidth":"","bgColor":"","backgroundImage":"","backgroundRepeat":"","font":"","fontColor":"","shadow":"","border":"","borderRadius":"","centered":""},"mobile":{"width":"600","height":"400","layout":"absolute","pWidth":"","bgColor":"white","backgroundImage":"","backgroundRepeat":"","font":"","fontColor":"black","shadow":"","border":"","borderRadius":"","centered":false},"test":{"width":"","height":"","layout":"","pWidth":"","bgColor":"","backgroundImage":"","backgroundRepeat":"","font":"","fontColor":"","shadow":"","border":"","borderRadius":"","centered":""}},"WiziCore_Widget_Container":{"default":{"pWidth":100,"opacity":1,"hourglassImage":""}},"WiziCore_UI_ActionButtonMobileWidget":{"default":{"pWidth":"","opacity":"","margin":"","mobileTheme":"c","icon":"none","iconPosition":"left"}},"WiziCore_UI_ContainerMobileWidget":{"default":{"pWidth":"100","opacity":1,"border":"","borderRadius":"0","margin":"","mobileTheme":"a","hourglassImage":"Default"}},"WiziCore_UI_PanelContainerWidget":{"default":{"pWidth":"","opacity":1,"border":"1px solid gray","borderRadius":"0","margin":"","bgColor":"#f7f7f7","backgroundImage":"","backgroundRepeat":"","hourglassImage":"Default"}},"WiziCore_UI_GoogleMapsWidget":{"default":{"pWidth":"","opacity":1,"border":"","shadow":"","margin":"","bgColor":""}},"WiziCore_UI_ImgQrCodeWidget":{"default":{"opacity":1,"border":"","margin":"","hourglassImage":"","font":"","hrefColor":""}},"WiziCore_UI_ShapeWidget":{"default":{"pWidth":"","opacity":1,"font":"","fontColor":"","margin":"","border":"1px solid #000000","borderRadius":"","bgColor":"","hourglassImage":"Default"}},"WiziCore_UI_RepeatContainerWidget":{"default":{"pWidth":98,"border":"1px solid gray","borderRadius":"","margin":"","bgColor":"","blockBgColor":"","blockAlternativeBgColor":"","blockBorder":"","blockAlternativeBorder":"","blockBorderRadius":"","blockAlternativeBorderRadius":"","separatingLineWidth":"","separatingLineColor":"#000000","backgroundImage":"","backgroundRepeat":"","opacity":1,"hourglassImage":"Default"}},"WiziCore_UI_NavBarMobileWidget":{"default":{"pWidth":100,"opacity":"","useImage":"","margin":"","mobileTheme":"a","iconPosition":"top"}},"jquery-ui":{"default":[]},"jquery-wizi-default":{"default":[]},"jquery.autocomplete":{"default":[]},"colorpicker":{"default":[]},"dhtmlxcombo":{"default":[]},"dhtmlxtree":{"default":[]},"dhtmlxtreegrid_pro":{"default":[]},"WiziCore_Api_Form":{"default":{"fDefault":"","color":"","bgColor":""}},"WiziCore_UI_RadioWidget":{"default":{"background_color":"","fontColor":"","font":""}},"WiziCore_UI_CheckBoxWidget":{"default":{"background_color":"","fontColor":"","font":""}},"WiziCore_UI_TextWidget":{"default":{"background_color":"#f7f7f7","fontColor":"","font":"","border":"1px solid #bfbfbf"}},"WiziCore_UI_TextANumWidget":{"default":{"background_color":"#f7f7f7","fontColor":"","font":"","border":"1px solid #bfbfbf"}},"WiziCore_UI_ButtonWidget":{"default":{"background_color":"","fontColor":"","font":"","border":""}},"WiziCore_UI_ResetButtonWidget":{"default":{"background_color":"#db2edb","fontColor":"#ffffff","font":"normal 13.2px Tahoma","border":"","borderRadius":23.1}},"WiziCore_UI_DatePickerWidget":{"default":{"background_color":"#f7f7f7","fontColor":"","font":"","border":"1px solid #a8a8a8"}},"WiziCore_UI_ListBoxWidget":{"default":{"background_color":"#f7f7f7","border":"1px solid #a8a8a8","fontColor":"","font":"","selectedBg":"#787878","selectedFont":"","selectedColor":"#ffffff"}},"WiziCore_UI_ComboBoxWidget":{"default":{"background_color":"","fontColor":"","font":"","border":""}},"WiziCore_UI_GridWidget":{"default":{"defaultHeaderFont":"","defaultDataFont":"","defaultDataColor":"","alternativeRowBgColor":""}},"WiziCore_UI_MaskEditWidget":{"default":{"background_color":"#f7f7f7","fontColor":"","font":"","border":"1px solid #a8a8a8"}},"WiziCore_UI_AudioWidget":{"default":{"background_image_play":"","background_image_pause":"","background_image_stop":""}},"WiziCore_UI_flotChartBaseWidget":{"default":{"xAxisName":"","xAxisNamePadding":"","labelPadding":"","labelStep":"1","xNumDivLines":"","xDivLineThickness":"","xDivLineColor":"","xDivLineAlpha":"","yAxisName":"","yAxisNamePadding":"","rotateYAxisName":"","yAxisMinValue":"","yAxisMaxValue":"","setAdaptiveYMin":"","showYAxisValues":true,"yAxisValuesStep":"","yNumDivLines":"","yDivLineThickness":"","yDivLineColor":"","yDivLineAlpha":"","bgColor":"","bgAlpha":"","bgTransparent":"","bgImage":"","legendPosition":"","legendBgColor":"","legendBgAlpha":"","legendBorderThickness":"","showBorder":"","borderColor":"","borderThickness":"","borderAlpha":"","palette":"","useRoundEdges":"","chartTopMargin":"","chartBottomMargin":"","chartLeftMargin":"","chartRightMargin":"","valuePadding":"","numberScaleValue":"","numberScaleUnit":"","enableSmartLabels":true,"numberPrefix":"","numberSuffix":"","rotateValues":"","placeValuesInside":"","showCanvasBg":"","canvasBorderColor":"","canvasBorderThickness":"","canvasBorderAlpha":"","canvasBgColor":"","canvasBgAlpha":"","canvasBgRatio":"","canvasBgAngle":"","canvasPadding":"","plotGradientColor":"","showPlotBorder":"","rangeValues":""}},"WiziCore_UI_NextButtonWidget":{"default":{"pWidth":"","opacity":"","font":"normal 18px Arial","fontColor":"#636163","margin":"","border":"1px solid gray","borderRadius":10.1,"bgColor":"#f7f7f7","hourglassImage":""}},"WiziCore_UI_fChartColumnWidget":{"default":{"xAxisName":"","xAxisNamePadding":"","labelPadding":"","labelStep":"1","xNumDivLines":"","xDivLineThickness":"","xDivLineColor":"","xDivLineAlpha":"","yAxisName":"","yAxisNamePadding":"","rotateYAxisName":"","yAxisMinValue":"","yAxisMaxValue":"","setAdaptiveYMin":"","showYAxisValues":true,"yAxisValuesStep":"","yNumDivLines":"","yDivLineThickness":"","yDivLineColor":"","yDivLineAlpha":"","bgColor":"","bgAlpha":"","bgTransparent":"","bgImage":"","showLegend":"","legendBgColor":"","legendBgAlpha":"","legendBorderThickness":"","showBorder":"","borderColor":"","borderThickness":"","borderAlpha":"","palette":"","useRoundEdges":"","chartTopMargin":"","chartBottomMargin":"","chartLeftMargin":"","chartRightMargin":"","valuePadding":"","numberScaleValue":"","numberScaleUnit":"","enableSmartLabels":true,"numberPrefix":"","numberSuffix":"","rotateValues":"","placeValuesInside":"","showCanvasBg":"","canvasBorderColor":"","canvasBorderThickness":"","canvasBorderAlpha":"","canvasBgColor":"","canvasBgAlpha":"","canvasBgRatio":"","canvasBgAngle":"","canvasPadding":"","plotGradientColor":"","showPlotBorder":"","rangeValues":""}},"WiziCore_UI_fChartLineWidget":{"default":{"xAxisName":"","xAxisNamePadding":"","labelPadding":"","labelStep":"","xNumDivLines":"","xDivLineThickness":"","xDivLineColor":"","xDivLineAlpha":"","yAxisName":"","yAxisNamePadding":"","rotateYAxisName":"","yAxisMinValue":"","yAxisMaxValue":"","setAdaptiveYMin":"","showYAxisValues":true,"yAxisValuesStep":"","yNumDivLines":"","yDivLineThickness":"","yDivLineColor":"","yDivLineAlpha":"","bgColor":"","bgAlpha":"","bgTransparent":"","bgImage":"","showLegend":"","legendBgColor":"","legendBgAlpha":"","legendBorderThickness":"","showBorder":"","borderColor":"","borderThickness":"","borderAlpha":"","palette":"","useRoundEdges":"","chartTopMargin":"","chartBottomMargin":"","chartLeftMargin":"","chartRightMargin":"","valuePadding":"","numberScaleValue":"","numberScaleUnit":"","enableSmartLabels":true,"numberPrefix":"","numberSuffix":"","rotateValues":"","placeValuesInside":"","showCanvasBg":"","canvasBorderColor":"","canvasBorderThickness":"","canvasBorderAlpha":"","canvasBgColor":"","canvasBgAlpha":"","canvasBgRatio":"","canvasBgAngle":"","canvasPadding":"0","plotGradientColor":"","showPlotBorder":"","rangeValues":""}},"WiziCore_UI_SignUpButtonWidget":{"default":{"pWidth":"","minWidth":"","maxWidth":"","opacity":1,"font":"normal 12px verdana","fontColor":"black","margin":"","border":"1px solid gray","borderRadius":"0","bgColor":"#f7f7f7","hourglassImage":"Default"}},"WiziCore770bcd0d28944f4b8381826f90c42bc4":{"default":{"pWidth":"","opacity":"","margin":""}},"WiziCore_UI_fChartAreaWidget":{"default":{"xAxisName":"","xAxisNamePadding":"","labelPadding":"","labelStep":"","xNumDivLines":"","xDivLineThickness":"","xDivLineColor":"","xDivLineAlpha":"","yAxisName":"","yAxisNamePadding":"","rotateYAxisName":"","yAxisMinValue":"","yAxisMaxValue":"","setAdaptiveYMin":"","showYAxisValues":true,"yAxisValuesStep":"","yNumDivLines":"","yDivLineThickness":"","yDivLineColor":"","yDivLineAlpha":"","bgColor":"","bgAlpha":"","bgTransparent":"","bgImage":"","showLegend":"","legendBgColor":"","legendBgAlpha":"","legendBorderThickness":"","showBorder":"","borderColor":"","borderThickness":"","borderAlpha":"","palette":"","useRoundEdges":"","chartTopMargin":"","chartBottomMargin":"","chartLeftMargin":"","chartRightMargin":"","valuePadding":"","numberScaleValue":"","numberScaleUnit":"","enableSmartLabels":"","numberPrefix":"","numberSuffix":"","rotateValues":"","placeValuesInside":"","showCanvasBg":"","canvasBorderColor":"","canvasBorderThickness":"","canvasBorderAlpha":"","canvasBgColor":"","canvasBgAlpha":"","canvasBgRatio":"","canvasBgAngle":"","canvasPadding":"","plotGradientColor":"","showPlotBorder":"","rangeValues":{"rows":[{"id":1,"data":["1",null,null],"ind":1},{"id":2,"data":["2",null,null],"ind":2}]}}},"WiziCore_UI_fChartBarWidget":{"default":{"rangeValues":""}},"WiziCore_UI_FileUploadWidget":{"default":{"displayOptions":"OpenFilename","attachText":"File","deattachText":"Reset","stopText":"Stop","btnLocation":"right","fileTypes":"","opacity":1,"font":"","fontColor":"","margin":"","border":"","borderRadius":"0","bgColor":"","btnColor":"","btnFont":"","hourglassImage":"Default"}},"WiziCore_UI_fChartPieWidget":{"default":{"xAxisName":"","xAxisNamePadding":"","labelPadding":"","labelStep":"","xNumDivLines":"","xDivLineThickness":"","xDivLineColor":"","xDivLineAlpha":"","yAxisName":"","yAxisNamePadding":"","rotateYAxisName":"","yAxisMinValue":"","yAxisMaxValue":"","setAdaptiveYMin":"","showYAxisValues":"","yAxisValuesStep":"","yNumDivLines":"","yDivLineThickness":"","yDivLineColor":"","yDivLineAlpha":"","bgColor":"","bgAlpha":"","bgTransparent":"","bgImage":"","showLegend":"","legendBgColor":"","legendBgAlpha":"","legendBorderThickness":"","showBorder":"","borderColor":"","borderThickness":"","borderAlpha":"","palette":"","useRoundEdges":"","chartTopMargin":"","chartBottomMargin":"","chartLeftMargin":"","chartRightMargin":"","valuePadding":"","numberScaleValue":"","numberScaleUnit":"","enableSmartLabels":true,"numberPrefix":"","numberSuffix":"","rotateValues":"","placeValuesInside":"","showCanvasBg":"","canvasBorderColor":"","canvasBorderThickness":"","canvasBorderAlpha":"","canvasBgColor":"","canvasBgAlpha":"","canvasBgRatio":"","canvasBgAngle":"","canvasPadding":"","plotGradientColor":"","showPlotBorder":"","rangeValues":""}},"WiziCore_UI_fGaugeTermWidget":{"default":{"setAdaptiveMin":"","upperLimit":"","lowerLimit":"","upperLimitDisplay":"","lowerLimitDisplay":"","showTickMarks":"","showTickValues":"","showLimits":"","adjustTM":"","ticksBelowGauge":"","placeTicksInside":"","placeValuesInside":"","majorTMNumber":"","majorTMColor":"","majorTMAlpha":"","majorTMHeight":"","majorTMThickness":"","minorTMNumber":"","minorTMColor":"","minorTMAlpha":"","minorTMHeight":"","minorTMThickness":"","tickMarkDistance":"","tickValueDistance":"","trendValueDistance":"","tickValueStep":"","tickValueDecimals":"","forceTickValueDecimals":"","numberPrefix":"","numberSuffix":"","bgColor":"","bgAlpha":"","bgTransparent":true,"bgImage":"","showLegend":"","legendBgColor":"","legendBgAlpha":"","legendBorderThickness":"","showBorder":"","borderColor":"","borderThickness":"","borderAlpha":"","palette":"","useRoundEdges":"","chartTopMargin":"","chartBottomMargin":"","chartLeftMargin":"","chartRightMargin":"","valuePadding":"","numberScaleValue":"","numberScaleUnit":"","enableSmartLabels":"","rotateValues":"","showCanvasBg":"","canvasBorderColor":"","canvasBorderThickness":"","canvasBorderAlpha":"","canvasBgColor":"","canvasBgAlpha":"","canvasBgRatio":"","canvasBgAngle":"","canvasPadding":"","plotGradientColor":"","showPlotBorder":"","rangeValues":{"rows":[{"id":1,"data":["1",null,20],"ind":1},{"id":2,"data":["2",null,33],"ind":2}]}}},"WiziCore_UI_fChartDoughnutWidget":{"default":{"xAxisName":"","xAxisNamePadding":"","labelPadding":"","labelStep":"","xNumDivLines":"","xDivLineThickness":"","xDivLineColor":"","xDivLineAlpha":"","yAxisName":"","yAxisNamePadding":"","rotateYAxisName":"","yAxisMinValue":"","yAxisMaxValue":"","setAdaptiveYMin":"","showYAxisValues":"","yAxisValuesStep":"","yNumDivLines":"","yDivLineThickness":"","yDivLineColor":"","yDivLineAlpha":"","bgColor":"","bgAlpha":"","bgTransparent":"","bgImage":"","showLegend":"","legendBgColor":"","legendBgAlpha":"","legendBorderThickness":"","showBorder":"","borderColor":"","borderThickness":"","borderAlpha":"","palette":"","useRoundEdges":"","chartTopMargin":"","chartBottomMargin":"","chartLeftMargin":"","chartRightMargin":"","valuePadding":"","numberScaleValue":"","numberScaleUnit":"","enableSmartLabels":true,"numberPrefix":"","numberSuffix":"","rotateValues":"","placeValuesInside":"","showCanvasBg":"","canvasBorderColor":"","canvasBorderThickness":"","canvasBorderAlpha":"","canvasBgColor":"","canvasBgAlpha":"","canvasBgRatio":"","canvasBgAngle":"","canvasPadding":"","plotGradientColor":"","showPlotBorder":"","rangeValues":""}},"WiziCore_UI_SubmitButtonWidget":{"default":{"pWidth":"","minWidth":"","maxWidth":"","opacity":1,"font":"normal 12px verdana","fontColor":"black","margin":"","border":"1px solid gray","borderRadius":"0","bgColor":"#f7f7f7","hourglassImage":"Default"}},"WiziCore_UI_PasswordWidget":{"default":{"pWidth":"","minWidth":"","maxWidth":"","opacity":1,"font":"normal 12px verdana","fontColor":"black","margin":"","border":"1px solid gray","borderRadius":"0","bgColor":"#f7f7f7","hourglassImage":"Default"}},"WiziCore_UI_GroupWidget":{"default":{"pWidth":"","minWidth":"","maxWidth":"","maxHeight":"","opacity":1,"margin":"","hourglassImage":"Default"}},"TextMobile":{"default":{"pWidth":"","minWidth":"","maxWidth":"","opacity":"","margin":"","mobileTheme":""}},"WiziCore_UI_fChartRadarWidget":{"default":{"xAxisName":"","xAxisNamePadding":"","labelPadding":"","labelStep":"","xNumDivLines":"","xDivLineThickness":"","xDivLineColor":"","xDivLineAlpha":"","yAxisName":"","yAxisNamePadding":"","rotateYAxisName":"","yAxisMinValue":"","yAxisMaxValue":"","setAdaptiveYMin":"","showYAxisValues":"","yAxisValuesStep":"","yNumDivLines":"","yDivLineThickness":"","yDivLineColor":"","yDivLineAlpha":"","bgColor":"","bgAlpha":"","bgTransparent":"","bgImage":"","showLegend":"","legendBgColor":"","legendBgAlpha":"","legendBorderThickness":"","showBorder":"","borderColor":"","borderThickness":"","borderAlpha":"","palette":"","useRoundEdges":"","chartTopMargin":"","chartBottomMargin":"","chartLeftMargin":"","chartRightMargin":"","valuePadding":"","numberScaleValue":"","numberScaleUnit":"","enableSmartLabels":true,"numberPrefix":"","numberSuffix":"","rotateValues":"","placeValuesInside":"","showCanvasBg":"","canvasBorderColor":"","canvasBorderThickness":"","canvasBorderAlpha":"","canvasBgColor":"","canvasBgAlpha":"","canvasBgRatio":"","canvasBgAngle":"","canvasPadding":"","plotGradientColor":"","showPlotBorder":"","rangeValues":""}},"WiziCore_UI_fGaugeLedWidget":{"default":{"setAdaptiveMin":"","upperLimit":"","lowerLimit":"","upperLimitDisplay":"","lowerLimitDisplay":"","showTickMarks":true,"showTickValues":true,"showLimits":true,"adjustTM":"","ticksBelowGauge":true,"placeTicksInside":"","placeValuesInside":"","majorTMNumber":"","majorTMColor":"","majorTMAlpha":"","majorTMHeight":"","majorTMThickness":"","minorTMNumber":"","minorTMColor":"","minorTMAlpha":"","minorTMHeight":"","minorTMThickness":"","tickMarkDistance":"","tickValueDistance":"","trendValueDistance":"","tickValueStep":"","tickValueDecimals":"","forceTickValueDecimals":"","numberPrefix":"","numberSuffix":"","bgColor":"","bgAlpha":"","bgTransparent":true,"bgImage":"","showLegend":true,"legendBgColor":"","legendBgAlpha":"","legendBorderThickness":"","showBorder":"","borderColor":"","borderThickness":"","borderAlpha":"","palette":"","useRoundEdges":"","chartTopMargin":"","chartBottomMargin":"","chartLeftMargin":"","chartRightMargin":"","valuePadding":"","numberScaleValue":"","numberScaleUnit":"","enableSmartLabels":"","rotateValues":"","showCanvasBg":"","canvasBorderColor":"","canvasBorderThickness":"","canvasBorderAlpha":"","canvasBgColor":"","canvasBgAlpha":"","canvasBgRatio":"","canvasBgAngle":"","canvasPadding":"","plotGradientColor":"","showPlotBorder":"","rangeValues":{"rows":[{"id":1,"data":["1",null,10],"ind":1},{"id":2,"data":["2",null,20],"ind":2},{"id":3,"data":["3",null,30],"ind":3}]}}},"WiziCore_UI_DataContainerWidget":{"default":{"pWidth":"","opacity":1,"border":"","borderRadius":"","margin":"","bgColor":"","hourglassImage":"Default"}},"WiziCore_UI_AccordionWidget":{"default":{"pWidth":"","opacity":1,"font":"normal 13px Verdana","margin":"","headerFontColor":"","bgColor":"","border":"","headerBGColors":{"useColors":true,"colors":["#aaaaaa","bbbbbb"]},"headerBorderRadius":"","sectionBGColor":"","contentBorderRadius":"","hourglassImage":"Default"}},"WiziCore_UI_TextMobileWidget":{"default":{"pWidth":"","opacity":1,"margin":"","mobileTheme":"c"}},"WiziCore_UI_PopupDropdownMobileWidget":{"default":{"pWidth":"","opacity":"","margin":"","mobileTheme":"c"}},"WiziCore_UI_fGaugeFunnelWidget":{"default":{"setAdaptiveMin":"","upperLimit":"","lowerLimit":"","upperLimitDisplay":"","lowerLimitDisplay":"","showTickMarks":"","showTickValues":"","showLimits":"","adjustTM":"","ticksBelowGauge":"","placeTicksInside":"","placeValuesInside":"","majorTMNumber":"","majorTMColor":"","majorTMAlpha":"","majorTMHeight":"","majorTMThickness":"","minorTMNumber":"","minorTMColor":"","minorTMAlpha":"","minorTMHeight":"","minorTMThickness":"","tickMarkDistance":"","tickValueDistance":"","trendValueDistance":"","tickValueStep":"","tickValueDecimals":"","forceTickValueDecimals":"","numberPrefix":"","numberSuffix":"","bgColor":"","bgAlpha":"","bgTransparent":true,"bgImage":"","showLegend":"","legendBgColor":"","legendBgAlpha":"","legendBorderThickness":"","showBorder":"","borderColor":"","borderThickness":"","borderAlpha":"","palette":"","useRoundEdges":"","chartTopMargin":"","chartBottomMargin":"","chartLeftMargin":"","chartRightMargin":"","valuePadding":"","numberScaleValue":"","numberScaleUnit":"","enableSmartLabels":true,"rotateValues":"","showCanvasBg":"","canvasBorderColor":"","canvasBorderThickness":"","canvasBorderAlpha":"","canvasBgColor":"","canvasBgAlpha":"","canvasBgRatio":"","canvasBgAngle":"","canvasPadding":"","plotGradientColor":"","showPlotBorder":"","rangeValues":""}},"WiziCore_UI_fGaugeBulbWidget":{"default":{"setAdaptiveMin":"","upperLimit":"","lowerLimit":"","upperLimitDisplay":"","lowerLimitDisplay":"","showTickMarks":"","showTickValues":"","showLimits":"","adjustTM":"","ticksBelowGauge":"","placeTicksInside":"","placeValuesInside":"","majorTMNumber":"","majorTMColor":"","majorTMAlpha":"","majorTMHeight":"","majorTMThickness":"","minorTMNumber":"","minorTMColor":"","minorTMAlpha":"","minorTMHeight":"","minorTMThickness":"","tickMarkDistance":"","tickValueDistance":"","trendValueDistance":"","tickValueStep":"","tickValueDecimals":"","forceTickValueDecimals":"","numberPrefix":"","numberSuffix":"","bgColor":"","bgAlpha":"","bgTransparent":true,"bgImage":"","showLegend":"","legendBgColor":"","legendBgAlpha":"","legendBorderThickness":"","showBorder":"","borderColor":"","borderThickness":"","borderAlpha":"","palette":"","useRoundEdges":"","chartTopMargin":"","chartBottomMargin":"","chartLeftMargin":"","chartRightMargin":"","valuePadding":"","numberScaleValue":"","numberScaleUnit":"","enableSmartLabels":"","rotateValues":"","showCanvasBg":"","canvasBorderColor":"","canvasBorderThickness":"","canvasBorderAlpha":"","canvasBgColor":"","canvasBgAlpha":"","canvasBgRatio":"","canvasBgAngle":"","canvasPadding":"","plotGradientColor":"","showPlotBorder":"","rangeValues":{"rows":[{"id":1,"data":["1",null,10],"ind":1},{"id":2,"data":["2",null,20],"ind":2},{"id":3,"data":["3",null,30],"ind":3}]}}},"WiziCore_UI_ImgWidget":{"default":{"border":""}},"WiziCore_UI_SliderHWidget":{"default":{"bgColor":"#8c8c8c","borderColor":"","hoverColor":"","defaultColor":""},"sdf":{"bgColor":"#751375","borderColor":"","hoverColor":"","defaultColor":""}},"WiziCore_UI_FlipToggleSwitchMobileWidget":{"default":{"pWidth":"","minWidth":"","maxWidth":"","opacity":1,"margin":"","mobileTheme":"c"}},"WiziCore_UI_MenuAdvancedWidget":{"default":{"opacity":1,"margin":"","textColors":{"useColors":true,"colors":["#aaaaaa","#aaaaaa","#222222","#222222","#fff"]},"bgColors":{"useColors":true,"colors":["#101010","#fff","#000","#fff","#000"]}}}},"widgetScripts":["Resources\/widgetsbR2mobile9645270f.js","Resources\/widgetsJV4common9645270f.js"],"widgetCsses":[]}